id;start_date;end_date;language
1;2025-02-13T20:53:43;2025-02-13T21:31:24;FRENCH
2;2025-02-13T00:08:53;2025-02-13T16:46:09;ENGLISH
3;2025-02-13T14:27:23;2025-02-13T10:41:46;SPANISH
4;2025-02-13T06:13:10;2025-02-13T09:26:16;SPANISH
5;2025-02-13T18:40:39;2025-02-13T16:57:25;FRENCH
6;2025-02-13T07:24:34;2025-02-13T08:40:11;FRENCH
7;2025-02-13T09:04:49;2025-02-13T03:49:33;ENGLISH
8;2025-02-13T07:39:25;2025-02-13T11:51:40;ENGLISH
9;2025-02-13T05:11:53;2025-02-12T23:36:10;ENGLISH
10;2025-02-13T16:27:29;2025-02-12T22:48:55;SPANISH
